<?xml version="1.0" encoding="UTF-8"?>
<project-private xmlns="http://www.netbeans.org/ns/project-private/1">
    <editor-bookmarks xmlns="http://www.netbeans.org/ns/editor-bookmarks/2" lastBookmarkId="0"/>
    <open-files xmlns="http://www.netbeans.org/ns/projectui-open-files/2">
        <group>
            <file>file:/C:/Users/Risyadian/Documents/NetBeansProjects/ContohPolimorfisme/src/warnetrental/rentalPS4.java</file>
            <file>file:/C:/Users/Risyadian/Documents/NetBeansProjects/ContohPolimorfisme/src/warnetrental/Main.java</file>
            <file>file:/C:/Users/Risyadian/Documents/NetBeansProjects/ContohPolimorfisme/src/warnetrental/WarnetRental.java</file>
            <file>file:/C:/Users/Risyadian/Documents/NetBeansProjects/ContohPolimorfisme/src/warnetrental/rentalPC.java</file>
        </group>
    </open-files>
</project-private>
